{
    "source_hash": "55012678ce6fba124757682eb88dddb4749cefc83a1e1fec5f8bcf9faa73ef1b",
    "functionalities": [
        "- Execute the data fetch workflow\n  - Use :GarminClient: to retrieve running activity and lap data.\n  - Pass the retrieved data to :GarminClient: for saving to disk\n  - Display progress updates to the user during fetching",
        "- Execute the chat workflow\n  - Use :GarminClient: to load stored activity data\n  - Initialize :LLMClient: with the loaded data as context\n  - Start an interactive loop for user input"
    ],
    "required_modules_code_hash": "ffb302e07361fb3914c08452ee3165962d9e51a02adbbd2d5766348435a5d07f",
    "required_modules_functionalities": {
        "garmin_client": [
            "- Initialize the :GarminClient: and retrieve activities for any type of running\n  - Use GARMIN_EMAIL and GARMIN_PASSWORD for authentication\n  - Support session persistence to avoid re-authentication on every call\n  - The retrieved activities should have the string \"running\" in the activityType.\n  - Retrieve the activities available for the user in the last 180 days.\n  - For every retrieved :ActivitySummary:, obtain the associated :LapData: for each lap.",
            "- Implement funtions to Save and Load activities to and from file.\n  - Save: Convert a list of :ActivitySummary: and their :LapData: into a JSON-serializable format\n  - Save: Write the serialized data to :DataFile:\n  - Save: Overwrite existing data in the file if it exists\n  - Load: Read the content of :DataFile:\n  - Load: Parse the JSON content into a format usable by the LLM\n  - Load: Return an error if the file does not exist or is corrupted"
        ],
        "llm_service": [
            "- Initialize the :LLMClient: and create :ChatSession: with context\n  - Take the content from :DataFile: as input\n  - Generate a system prompt that explains the user's running data is provided in JSON format\n  - Instruct the model to answer questions specifically about the runs, laps, heart rate, and speed found in the data",
            "- Process user messages\n  - Send the user's natural language query to the :ChatSession:\n  - Return the text response from the model with a streaming response."
        ]
    }
}