[
    {
        "activityId": "21726940764",
        "activityName": "Treadmill Running",
        "activityType": "treadmill_running",
        "startTimeLocal": "2026-01-30 20:00:25",
        "distance": 2043.8800048828125,
        "duration": 697.1099853515625,
        "averageHR": 148.0,
        "maxHR": 170.0,
        "averageSpeed": 2.931999921798706,
        "laps": [
            {
                "lapNumber": 2,
                "startTime": "2026-01-30T19:00:25.0",
                "distance": 1000.0,
                "duration": 410.526,
                "averageSpeed": 2.436000108718872,
                "averageHR": null
            },
            {
                "lapNumber": 3,
                "startTime": "2026-01-30T19:07:16.0",
                "distance": 1000.0,
                "duration": 270.894,
                "averageSpeed": 3.690999984741211,
                "averageHR": null
            },
            {
                "lapNumber": 4,
                "startTime": "2026-01-30T19:11:47.0",
                "distance": 43.88,
                "duration": 15.69,
                "averageSpeed": 2.796999931335449,
                "averageHR": null
            }
        ]
    },
    {
        "activityId": "21657839372",
        "activityName": "Treadmill Running",
        "activityType": "treadmill_running",
        "startTimeLocal": "2026-01-25 09:51:22",
        "distance": 5024.4501953125,
        "duration": 1975.8599853515625,
        "averageHR": 136.0,
        "maxHR": 145.0,
        "averageSpeed": 2.5429999828338623,
        "laps": [
            {
                "lapNumber": 2,
                "startTime": "2026-01-25T08:51:22.0",
                "distance": 1000.0,
                "duration": 392.22,
                "averageSpeed": 2.549999952316284,
                "averageHR": null
            },
            {
                "lapNumber": 3,
                "startTime": "2026-01-25T08:57:55.0",
                "distance": 1000.0,
                "duration": 388.396,
                "averageSpeed": 2.575000047683716,
                "averageHR": null
            },
            {
                "lapNumber": 4,
                "startTime": "2026-01-25T09:04:23.0",
                "distance": 1000.0,
                "duration": 398.647,
                "averageSpeed": 2.507999897003174,
                "averageHR": null
            },
            {
                "lapNumber": 5,
                "startTime": "2026-01-25T09:11:02.0",
                "distance": 1000.0,
                "duration": 401.143,
                "averageSpeed": 2.493000030517578,
                "averageHR": null
            },
            {
                "lapNumber": 6,
                "startTime": "2026-01-25T09:17:43.0",
                "distance": 1000.0,
                "duration": 387.691,
                "averageSpeed": 2.5789999961853027,
                "averageHR": null
            },
            {
                "lapNumber": 7,
                "startTime": "2026-01-25T09:24:11.0",
                "distance": 24.45,
                "duration": 7.763,
                "averageSpeed": 3.1500000953674316,
                "averageHR": null
            }
        ]
    },
    {
        "activityId": "21646683821",
        "activityName": "Treadmill Running",
        "activityType": "treadmill_running",
        "startTimeLocal": "2026-01-24 09:24:19",
        "distance": 5064.72021484375,
        "duration": 1882.3499755859375,
        "averageHR": 141.0,
        "maxHR": 151.0,
        "averageSpeed": 2.6909999847412105,
        "laps": [
            {
                "lapNumber": 2,
                "startTime": "2026-01-24T08:24:19.0",
                "distance": 1000.0,
                "duration": 377.063,
                "averageSpeed": 2.6519999504089355,
                "averageHR": null
            },
            {
                "lapNumber": 3,
                "startTime": "2026-01-24T08:30:37.0",
                "distance": 1000.0,
                "duration": 362.249,
                "averageSpeed": 2.760999917984009,
                "averageHR": null
            },
            {
                "lapNumber": 4,
                "startTime": "2026-01-24T08:36:40.0",
                "distance": 1000.0,
                "duration": 376.158,
                "averageSpeed": 2.6579999923706055,
                "averageHR": null
            },
            {
                "lapNumber": 5,
                "startTime": "2026-01-24T08:42:56.0",
                "distance": 1000.0,
                "duration": 380.581,
                "averageSpeed": 2.628000020980835,
                "averageHR": null
            },
            {
                "lapNumber": 6,
                "startTime": "2026-01-24T08:49:16.0",
                "distance": 1000.0,
                "duration": 364.477,
                "averageSpeed": 2.74399995803833,
                "averageHR": null
            },
            {
                "lapNumber": 7,
                "startTime": "2026-01-24T08:55:21.0",
                "distance": 64.72,
                "duration": 21.822,
                "averageSpeed": 2.9660000801086426,
                "averageHR": null
            }
        ]
    },
    {
        "activityId": "21590953851",
        "activityName": "Treadmill Running",
        "activityType": "treadmill_running",
        "startTimeLocal": "2026-01-18 20:14:15",
        "distance": 5030.8798828125,
        "duration": 1485.5860595703125,
        "averageHR": 156.0,
        "maxHR": 172.0,
        "averageSpeed": 3.385999917984009,
        "laps": [
            {
                "lapNumber": 2,
                "startTime": "2026-01-18T19:14:15.0",
                "distance": 1000.0,
                "duration": 336.139,
                "averageSpeed": 2.9749999046325684,
                "averageHR": null
            },
            {
                "lapNumber": 3,
                "startTime": "2026-01-18T19:19:52.0",
                "distance": 1000.0,
                "duration": 290.469,
                "averageSpeed": 3.443000078201294,
                "averageHR": null
            },
            {
                "lapNumber": 4,
                "startTime": "2026-01-18T19:24:42.0",
                "distance": 1000.0,
                "duration": 292.084,
                "averageSpeed": 3.4240000247955327,
                "averageHR": null
            },
            {
                "lapNumber": 5,
                "startTime": "2026-01-18T19:29:34.0",
                "distance": 1000.0,
                "duration": 297.669,
                "averageSpeed": 3.3589999675750737,
                "averageHR": null
            },
            {
                "lapNumber": 6,
                "startTime": "2026-01-18T19:34:32.0",
                "distance": 1000.0,
                "duration": 261.518,
                "averageSpeed": 3.8239998817443848,
                "averageHR": null
            },
            {
                "lapNumber": 7,
                "startTime": "2026-01-18T19:38:54.0",
                "distance": 30.88,
                "duration": 7.707,
                "averageSpeed": 4.00600004196167,
                "averageHR": null
            }
        ]
    },
    {
        "activityId": "21557795228",
        "activityName": "Treadmill Running",
        "activityType": "treadmill_running",
        "startTimeLocal": "2026-01-15 18:54:51",
        "distance": 3036.219970703125,
        "duration": 971.1829833984375,
        "averageHR": 155.0,
        "maxHR": 164.0,
        "averageSpeed": 3.125999927520752,
        "laps": [
            {
                "lapNumber": 2,
                "startTime": "2026-01-15T17:54:51.0",
                "distance": 1000.0,
                "duration": 334.824,
                "averageSpeed": 2.986999988555908,
                "averageHR": null
            },
            {
                "lapNumber": 3,
                "startTime": "2026-01-15T18:00:26.0",
                "distance": 1000.0,
                "duration": 305.624,
                "averageSpeed": 3.2720000743865967,
                "averageHR": null
            },
            {
                "lapNumber": 4,
                "startTime": "2026-01-15T18:05:32.0",
                "distance": 1000.0,
                "duration": 318.818,
                "averageSpeed": 3.1370000839233403,
                "averageHR": null
            },
            {
                "lapNumber": 5,
                "startTime": "2026-01-15T18:10:51.0",
                "distance": 36.22,
                "duration": 11.917,
                "averageSpeed": 3.0390000343322754,
                "averageHR": null
            }
        ]
    },
    {
        "activityId": "21299751946",
        "activityName": "Treadmill Running",
        "activityType": "treadmill_running",
        "startTimeLocal": "2025-12-19 18:28:08",
        "distance": 2452.3701171875,
        "duration": 792.9359741210938,
        "averageHR": 151.0,
        "maxHR": 167.0,
        "averageSpeed": 3.092999935150147,
        "laps": [
            {
                "lapNumber": 2,
                "startTime": "2025-12-19T17:28:08.0",
                "distance": 1000.0,
                "duration": 343.994,
                "averageSpeed": 2.907000064849853,
                "averageHR": null
            },
            {
                "lapNumber": 3,
                "startTime": "2025-12-19T17:33:53.0",
                "distance": 1000.0,
                "duration": 303.97,
                "averageSpeed": 3.2899999618530273,
                "averageHR": null
            },
            {
                "lapNumber": 4,
                "startTime": "2025-12-19T17:38:57.0",
                "distance": 452.37,
                "duration": 144.972,
                "averageSpeed": 3.119999885559082,
                "averageHR": null
            }
        ]
    },
    {
        "activityId": "21269113968",
        "activityName": "Treadmill Running",
        "activityType": "treadmill_running",
        "startTimeLocal": "2025-12-16 07:20:42",
        "distance": 1011.8599853515625,
        "duration": 299.28900146484375,
        "averageHR": 144.0,
        "maxHR": 160.0,
        "averageSpeed": 3.3810000419616704,
        "laps": [
            {
                "lapNumber": 2,
                "startTime": "2025-12-16T06:20:42.0",
                "distance": 1000.0,
                "duration": 296.677,
                "averageSpeed": 3.371000051498413,
                "averageHR": null
            },
            {
                "lapNumber": 3,
                "startTime": "2025-12-16T06:25:39.0",
                "distance": 11.86,
                "duration": 2.612,
                "averageSpeed": 4.539000034332275,
                "averageHR": null
            }
        ]
    },
    {
        "activityId": "21223327984",
        "activityName": "Treadmill Running",
        "activityType": "treadmill_running",
        "startTimeLocal": "2025-12-10 20:00:32",
        "distance": 5036.68017578125,
        "duration": 1730.1590576171875,
        "averageHR": 154.0,
        "maxHR": 168.0,
        "averageSpeed": 2.9110000133514404,
        "laps": [
            {
                "lapNumber": 2,
                "startTime": "2025-12-10T19:00:32.0",
                "distance": 1000.0,
                "duration": 354.697,
                "averageSpeed": 2.819000005722046,
                "averageHR": null
            },
            {
                "lapNumber": 3,
                "startTime": "2025-12-10T19:06:28.0",
                "distance": 1000.0,
                "duration": 333.067,
                "averageSpeed": 3.002000093460083,
                "averageHR": null
            },
            {
                "lapNumber": 4,
                "startTime": "2025-12-10T19:12:01.0",
                "distance": 1000.0,
                "duration": 339.718,
                "averageSpeed": 2.944000005722046,
                "averageHR": null
            },
            {
                "lapNumber": 5,
                "startTime": "2025-12-10T19:17:40.0",
                "distance": 1000.0,
                "duration": 378.21,
                "averageSpeed": 2.6440000534057617,
                "averageHR": null
            },
            {
                "lapNumber": 6,
                "startTime": "2025-12-10T19:23:59.0",
                "distance": 1000.0,
                "duration": 312.424,
                "averageSpeed": 3.200999975204468,
                "averageHR": null
            },
            {
                "lapNumber": 7,
                "startTime": "2025-12-10T19:29:11.0",
                "distance": 36.68,
                "duration": 12.043,
                "averageSpeed": 3.0460000038146973,
                "averageHR": null
            }
        ]
    },
    {
        "activityId": "21185904838",
        "activityName": "Treadmill Running",
        "activityType": "treadmill_running",
        "startTimeLocal": "2025-12-06 16:39:42",
        "distance": 5023.72021484375,
        "duration": 1894.261962890625,
        "averageHR": 136.0,
        "maxHR": 148.0,
        "averageSpeed": 2.6519999504089355,
        "laps": [
            {
                "lapNumber": 2,
                "startTime": "2025-12-06T15:39:42.0",
                "distance": 1000.0,
                "duration": 376.658,
                "averageSpeed": 2.65499997138977,
                "averageHR": null
            },
            {
                "lapNumber": 3,
                "startTime": "2025-12-06T15:46:00.0",
                "distance": 1000.0,
                "duration": 370.349,
                "averageSpeed": 2.700000047683716,
                "averageHR": null
            },
            {
                "lapNumber": 4,
                "startTime": "2025-12-06T15:52:10.0",
                "distance": 1000.0,
                "duration": 381.675,
                "averageSpeed": 2.619999885559082,
                "averageHR": null
            },
            {
                "lapNumber": 5,
                "startTime": "2025-12-06T15:58:32.0",
                "distance": 1000.0,
                "duration": 372.011,
                "averageSpeed": 2.687999963760376,
                "averageHR": null
            },
            {
                "lapNumber": 6,
                "startTime": "2025-12-06T16:04:44.0",
                "distance": 1000.0,
                "duration": 384.442,
                "averageSpeed": 2.6010000705718994,
                "averageHR": null
            },
            {
                "lapNumber": 7,
                "startTime": "2025-12-06T16:11:08.0",
                "distance": 23.72,
                "duration": 9.127,
                "averageSpeed": 2.598000049591064,
                "averageHR": null
            }
        ]
    },
    {
        "activityId": "21130013271",
        "activityName": "Treadmill Running",
        "activityType": "treadmill_running",
        "startTimeLocal": "2025-11-30 11:45:15",
        "distance": 5024.52978515625,
        "duration": 1871.47802734375,
        "averageHR": 137.0,
        "maxHR": 149.0,
        "averageSpeed": 2.684999942779541,
        "laps": [
            {
                "lapNumber": 2,
                "startTime": "2025-11-30T10:45:15.0",
                "distance": 1000.0,
                "duration": 406.981,
                "averageSpeed": 2.4570000171661377,
                "averageHR": null
            },
            {
                "lapNumber": 3,
                "startTime": "2025-11-30T10:52:03.0",
                "distance": 1000.0,
                "duration": 351.232,
                "averageSpeed": 2.8469998836517334,
                "averageHR": null
            },
            {
                "lapNumber": 4,
                "startTime": "2025-11-30T10:57:54.0",
                "distance": 1000.0,
                "duration": 373.775,
                "averageSpeed": 2.674999952316284,
                "averageHR": null
            },
            {
                "lapNumber": 5,
                "startTime": "2025-11-30T11:04:08.0",
                "distance": 1000.0,
                "duration": 359.587,
                "averageSpeed": 2.7809998989105225,
                "averageHR": null
            },
            {
                "lapNumber": 6,
                "startTime": "2025-11-30T11:10:07.0",
                "distance": 1000.0,
                "duration": 371.229,
                "averageSpeed": 2.694000005722046,
                "averageHR": null
            },
            {
                "lapNumber": 7,
                "startTime": "2025-11-30T11:16:18.0",
                "distance": 24.53,
                "duration": 8.674,
                "averageSpeed": 2.8280000686645503,
                "averageHR": null
            }
        ]
    },
    {
        "activityId": "20992990801",
        "activityName": "Ljubljana Running",
        "activityType": "running",
        "startTimeLocal": "2025-11-15 08:32:16",
        "distance": 11152.1103515625,
        "duration": 3790.7509765625,
        "averageHR": 155.0,
        "maxHR": 177.0,
        "averageSpeed": 2.9419999122619624,
        "laps": [
            {
                "lapNumber": 2,
                "startTime": "2025-11-15T07:32:16.0",
                "distance": 1000.0,
                "duration": 347.61,
                "averageSpeed": 2.877000093460083,
                "averageHR": null
            },
            {
                "lapNumber": 3,
                "startTime": "2025-11-15T07:38:04.0",
                "distance": 1000.0,
                "duration": 334.816,
                "averageSpeed": 2.986999988555908,
                "averageHR": null
            },
            {
                "lapNumber": 4,
                "startTime": "2025-11-15T07:43:39.0",
                "distance": 1000.0,
                "duration": 338.65,
                "averageSpeed": 2.953000068664551,
                "averageHR": null
            },
            {
                "lapNumber": 5,
                "startTime": "2025-11-15T07:49:18.0",
                "distance": 1000.0,
                "duration": 337.686,
                "averageSpeed": 2.9609999656677246,
                "averageHR": null
            },
            {
                "lapNumber": 6,
                "startTime": "2025-11-15T07:54:55.0",
                "distance": 1000.0,
                "duration": 292.552,
                "averageSpeed": 3.4179999828338623,
                "averageHR": null
            },
            {
                "lapNumber": 7,
                "startTime": "2025-11-15T07:59:48.0",
                "distance": 1000.0,
                "duration": 391.596,
                "averageSpeed": 2.5539999008178706,
                "averageHR": null
            },
            {
                "lapNumber": 8,
                "startTime": "2025-11-15T08:06:20.0",
                "distance": 1000.0,
                "duration": 342.482,
                "averageSpeed": 2.9200000762939453,
                "averageHR": null
            },
            {
                "lapNumber": 9,
                "startTime": "2025-11-15T08:12:02.0",
                "distance": 1000.0,
                "duration": 318.84,
                "averageSpeed": 3.1359999179840092,
                "averageHR": null
            },
            {
                "lapNumber": 10,
                "startTime": "2025-11-15T08:17:21.0",
                "distance": 1000.0,
                "duration": 315.569,
                "averageSpeed": 3.1689999103546143,
                "averageHR": null
            },
            {
                "lapNumber": 11,
                "startTime": "2025-11-15T08:22:37.0",
                "distance": 1000.0,
                "duration": 306.634,
                "averageSpeed": 3.260999917984009,
                "averageHR": null
            },
            {
                "lapNumber": 12,
                "startTime": "2025-11-15T08:27:43.0",
                "distance": 1000.0,
                "duration": 390.234,
                "averageSpeed": 2.562999963760376,
                "averageHR": null
            },
            {
                "lapNumber": 13,
                "startTime": "2025-11-15T08:34:13.0",
                "distance": 152.11,
                "duration": 74.082,
                "averageSpeed": 2.052999973297119,
                "averageHR": null
            }
        ]
    },
    {
        "activityId": "20964392667",
        "activityName": "Treadmill Running",
        "activityType": "treadmill_running",
        "startTimeLocal": "2025-11-12 07:16:05",
        "distance": 1008.9400024414062,
        "duration": 384.07000732421875,
        "averageHR": 128.0,
        "maxHR": 137.0,
        "averageSpeed": 2.6270000934600826,
        "laps": [
            {
                "lapNumber": 2,
                "startTime": "2025-11-12T06:16:05.0",
                "distance": 1000.0,
                "duration": 380.814,
                "averageSpeed": 2.6259999275207515,
                "averageHR": null
            },
            {
                "lapNumber": 3,
                "startTime": "2025-11-12T06:22:26.0",
                "distance": 8.94,
                "duration": 3.256,
                "averageSpeed": 2.744999885559082,
                "averageHR": null
            }
        ]
    },
    {
        "activityId": "20953894980",
        "activityName": "Treadmill Running",
        "activityType": "treadmill_running",
        "startTimeLocal": "2025-11-11 07:08:08",
        "distance": 1009.0700073242188,
        "duration": 368.34698486328125,
        "averageHR": 127.0,
        "maxHR": 136.0,
        "averageSpeed": 2.739000082015991,
        "laps": [
            {
                "lapNumber": 2,
                "startTime": "2025-11-11T06:08:08.0",
                "distance": 1000.0,
                "duration": 366.07,
                "averageSpeed": 2.7320001125335693,
                "averageHR": null
            },
            {
                "lapNumber": 3,
                "startTime": "2025-11-11T06:14:15.0",
                "distance": 9.07,
                "duration": 2.277,
                "averageSpeed": 3.9820001125335693,
                "averageHR": null
            }
        ]
    },
    {
        "activityId": "20921066774",
        "activityName": "Treadmill Running",
        "activityType": "treadmill_running",
        "startTimeLocal": "2025-11-07 17:46:21",
        "distance": 4863.22998046875,
        "duration": 1677.123046875,
        "averageHR": 156.0,
        "maxHR": 168.0,
        "averageSpeed": 2.900000095367431,
        "laps": [
            {
                "lapNumber": 2,
                "startTime": "2025-11-07T16:46:21.0",
                "distance": 1000.0,
                "duration": 336.841,
                "averageSpeed": 2.9690001010894775,
                "averageHR": null
            },
            {
                "lapNumber": 3,
                "startTime": "2025-11-07T16:51:58.0",
                "distance": 1000.0,
                "duration": 347.178,
                "averageSpeed": 2.880000114440918,
                "averageHR": null
            },
            {
                "lapNumber": 4,
                "startTime": "2025-11-07T16:57:46.0",
                "distance": 1000.0,
                "duration": 369.156,
                "averageSpeed": 2.7090001106262207,
                "averageHR": null
            },
            {
                "lapNumber": 5,
                "startTime": "2025-11-07T17:03:55.0",
                "distance": 1000.0,
                "duration": 356.251,
                "averageSpeed": 2.806999921798706,
                "averageHR": null
            },
            {
                "lapNumber": 6,
                "startTime": "2025-11-07T17:09:51.0",
                "distance": 863.23,
                "duration": 267.697,
                "averageSpeed": 3.2249999046325684,
                "averageHR": null
            }
        ]
    },
    {
        "activityId": "20733638614",
        "activityName": "Ljubljana Running",
        "activityType": "running",
        "startTimeLocal": "2025-10-19 09:13:01",
        "distance": 21454.0390625,
        "duration": 7580.30322265625,
        "averageHR": 152.0,
        "maxHR": 174.0,
        "averageSpeed": 2.8299999237060547,
        "laps": [
            {
                "lapNumber": 2,
                "startTime": "2025-10-19T07:13:01.0",
                "distance": 1000.0,
                "duration": 414.835,
                "averageSpeed": 2.4110000133514404,
                "averageHR": null
            },
            {
                "lapNumber": 3,
                "startTime": "2025-10-19T07:19:56.0",
                "distance": 1000.0,
                "duration": 364.897,
                "averageSpeed": 2.740000009536743,
                "averageHR": null
            },
            {
                "lapNumber": 4,
                "startTime": "2025-10-19T07:26:01.0",
                "distance": 1000.0,
                "duration": 364.693,
                "averageSpeed": 2.7420001029968257,
                "averageHR": null
            },
            {
                "lapNumber": 5,
                "startTime": "2025-10-19T07:32:06.0",
                "distance": 1000.0,
                "duration": 351.992,
                "averageSpeed": 2.8410000801086426,
                "averageHR": null
            },
            {
                "lapNumber": 6,
                "startTime": "2025-10-19T07:37:58.0",
                "distance": 1000.0,
                "duration": 358.633,
                "averageSpeed": 2.7880001068115234,
                "averageHR": null
            },
            {
                "lapNumber": 7,
                "startTime": "2025-10-19T07:43:57.0",
                "distance": 1000.0,
                "duration": 396.337,
                "averageSpeed": 2.5230000019073486,
                "averageHR": null
            },
            {
                "lapNumber": 8,
                "startTime": "2025-10-19T07:50:33.0",
                "distance": 1000.0,
                "duration": 356.699,
                "averageSpeed": 2.802999973297119,
                "averageHR": null
            },
            {
                "lapNumber": 9,
                "startTime": "2025-10-19T07:56:30.0",
                "distance": 1000.0,
                "duration": 358.346,
                "averageSpeed": 2.790999889373779,
                "averageHR": null
            },
            {
                "lapNumber": 10,
                "startTime": "2025-10-19T08:02:28.0",
                "distance": 1000.0,
                "duration": 362.431,
                "averageSpeed": 2.759000062942505,
                "averageHR": null
            },
            {
                "lapNumber": 11,
                "startTime": "2025-10-19T08:08:30.0",
                "distance": 1000.0,
                "duration": 385.059,
                "averageSpeed": 2.596999883651733,
                "averageHR": null
            },
            {
                "lapNumber": 12,
                "startTime": "2025-10-19T08:14:55.0",
                "distance": 1000.0,
                "duration": 358.72,
                "averageSpeed": 2.7880001068115234,
                "averageHR": null
            },
            {
                "lapNumber": 13,
                "startTime": "2025-10-19T08:20:54.0",
                "distance": 1000.0,
                "duration": 353.556,
                "averageSpeed": 2.8280000686645503,
                "averageHR": null
            },
            {
                "lapNumber": 14,
                "startTime": "2025-10-19T08:26:48.0",
                "distance": 1000.0,
                "duration": 358.896,
                "averageSpeed": 2.7860000133514404,
                "averageHR": null
            },
            {
                "lapNumber": 15,
                "startTime": "2025-10-19T08:32:47.0",
                "distance": 1000.0,
                "duration": 363.306,
                "averageSpeed": 2.753000020980835,
                "averageHR": null
            },
            {
                "lapNumber": 16,
                "startTime": "2025-10-19T08:38:50.0",
                "distance": 1000.0,
                "duration": 349.982,
                "averageSpeed": 2.857000112533569,
                "averageHR": null
            },
            {
                "lapNumber": 17,
                "startTime": "2025-10-19T08:44:40.0",
                "distance": 1000.0,
                "duration": 357.298,
                "averageSpeed": 2.799000024795532,
                "averageHR": null
            },
            {
                "lapNumber": 18,
                "startTime": "2025-10-19T08:50:37.0",
                "distance": 1000.0,
                "duration": 353.358,
                "averageSpeed": 2.8299999237060547,
                "averageHR": null
            },
            {
                "lapNumber": 19,
                "startTime": "2025-10-19T08:56:31.0",
                "distance": 1000.0,
                "duration": 297.672,
                "averageSpeed": 3.3589999675750737,
                "averageHR": null
            },
            {
                "lapNumber": 20,
                "startTime": "2025-10-19T09:01:28.0",
                "distance": 1000.0,
                "duration": 303.856,
                "averageSpeed": 3.2909998893737793,
                "averageHR": null
            },
            {
                "lapNumber": 21,
                "startTime": "2025-10-19T09:06:32.0",
                "distance": 1000.0,
                "duration": 316.789,
                "averageSpeed": 3.1570000648498535,
                "averageHR": null
            },
            {
                "lapNumber": 22,
                "startTime": "2025-10-19T09:11:49.0",
                "distance": 1000.0,
                "duration": 317.429,
                "averageSpeed": 3.1500000953674316,
                "averageHR": null
            },
            {
                "lapNumber": 23,
                "startTime": "2025-10-19T09:17:06.0",
                "distance": 454.04,
                "duration": 135.519,
                "averageSpeed": 3.3499999046325684,
                "averageHR": null
            }
        ]
    },
    {
        "activityId": "20732458997",
        "activityName": "Ljubljana Running",
        "activityType": "running",
        "startTimeLocal": "2025-10-19 09:11:14",
        "distance": 24.450000762939453,
        "duration": 25.604999542236328,
        "averageHR": 100.0,
        "maxHR": 103.0,
        "averageSpeed": 0.9549999833106995,
        "laps": [
            {
                "lapNumber": 2,
                "startTime": "2025-10-19T07:11:14.0",
                "distance": 24.45,
                "duration": 25.605,
                "averageSpeed": 0.9549999833106995,
                "averageHR": null
            }
        ]
    },
    {
        "activityId": "20732408441",
        "activityName": "Ljubljana Running",
        "activityType": "running",
        "startTimeLocal": "2025-10-19 09:00:00",
        "distance": 15.380000114440918,
        "duration": 175.6300048828125,
        "averageHR": 92.0,
        "maxHR": 98.0,
        "averageSpeed": 0.08799999952316284,
        "laps": [
            {
                "lapNumber": 2,
                "startTime": "2025-10-19T07:00:00.0",
                "distance": 15.38,
                "duration": 175.63,
                "averageSpeed": 0.08799999952316284,
                "averageHR": null
            }
        ]
    },
    {
        "activityId": "20648137137",
        "activityName": "Ljubljana Running",
        "activityType": "running",
        "startTimeLocal": "2025-10-10 16:46:39",
        "distance": 15665.91015625,
        "duration": 5787.3779296875,
        "averageHR": 153.0,
        "maxHR": 171.0,
        "averageSpeed": 2.7070000171661377,
        "laps": [
            {
                "lapNumber": 2,
                "startTime": "2025-10-10T14:46:39.0",
                "distance": 1000.0,
                "duration": 400.466,
                "averageSpeed": 2.496999979019165,
                "averageHR": null
            },
            {
                "lapNumber": 3,
                "startTime": "2025-10-10T14:53:21.0",
                "distance": 1000.0,
                "duration": 459.84,
                "averageSpeed": 2.174999952316284,
                "averageHR": null
            },
            {
                "lapNumber": 4,
                "startTime": "2025-10-10T15:01:00.0",
                "distance": 1000.0,
                "duration": 367.181,
                "averageSpeed": 2.7230000495910645,
                "averageHR": null
            },
            {
                "lapNumber": 5,
                "startTime": "2025-10-10T15:07:08.0",
                "distance": 1000.0,
                "duration": 367.149,
                "averageSpeed": 2.7239999771118164,
                "averageHR": null
            },
            {
                "lapNumber": 6,
                "startTime": "2025-10-10T15:13:15.0",
                "distance": 1000.0,
                "duration": 379.185,
                "averageSpeed": 2.63700008392334,
                "averageHR": null
            },
            {
                "lapNumber": 7,
                "startTime": "2025-10-10T15:19:34.0",
                "distance": 1000.0,
                "duration": 413.051,
                "averageSpeed": 2.4210000038146973,
                "averageHR": null
            },
            {
                "lapNumber": 8,
                "startTime": "2025-10-10T15:26:27.0",
                "distance": 1000.0,
                "duration": 350.955,
                "averageSpeed": 2.848999977111816,
                "averageHR": null
            },
            {
                "lapNumber": 9,
                "startTime": "2025-10-10T15:32:18.0",
                "distance": 1000.0,
                "duration": 339.831,
                "averageSpeed": 2.9430000782012935,
                "averageHR": null
            },
            {
                "lapNumber": 10,
                "startTime": "2025-10-10T15:37:58.0",
                "distance": 1000.0,
                "duration": 343.481,
                "averageSpeed": 2.9110000133514404,
                "averageHR": null
            },
            {
                "lapNumber": 11,
                "startTime": "2025-10-10T15:43:41.0",
                "distance": 1000.0,
                "duration": 306.075,
                "averageSpeed": 3.2669999599456787,
                "averageHR": null
            },
            {
                "lapNumber": 12,
                "startTime": "2025-10-10T15:48:47.0",
                "distance": 1000.0,
                "duration": 339.381,
                "averageSpeed": 2.947000026702881,
                "averageHR": null
            },
            {
                "lapNumber": 13,
                "startTime": "2025-10-10T15:54:27.0",
                "distance": 1000.0,
                "duration": 362.558,
                "averageSpeed": 2.757999897003174,
                "averageHR": null
            },
            {
                "lapNumber": 14,
                "startTime": "2025-10-10T16:00:29.0",
                "distance": 1000.0,
                "duration": 352.29,
                "averageSpeed": 2.8389999866485596,
                "averageHR": null
            },
            {
                "lapNumber": 15,
                "startTime": "2025-10-10T16:06:22.0",
                "distance": 1000.0,
                "duration": 369.439,
                "averageSpeed": 2.7070000171661377,
                "averageHR": null
            },
            {
                "lapNumber": 16,
                "startTime": "2025-10-10T16:12:31.0",
                "distance": 1000.0,
                "duration": 356.539,
                "averageSpeed": 2.805000066757202,
                "averageHR": null
            },
            {
                "lapNumber": 17,
                "startTime": "2025-10-10T16:18:27.0",
                "distance": 665.91,
                "duration": 279.957,
                "averageSpeed": 2.378999948501587,
                "averageHR": null
            }
        ]
    },
    {
        "activityId": "20607870884",
        "activityName": "Ljubljana Running",
        "activityType": "running",
        "startTimeLocal": "2025-10-06 18:48:50",
        "distance": 2492.580078125,
        "duration": 1523.35400390625,
        "averageHR": 98.0,
        "maxHR": 123.0,
        "averageSpeed": 1.6360000371932983,
        "laps": [
            {
                "lapNumber": 2,
                "startTime": "2025-10-06T16:48:50.0",
                "distance": 1000.0,
                "duration": 496.839,
                "averageSpeed": 2.013000011444092,
                "averageHR": null
            },
            {
                "lapNumber": 3,
                "startTime": "2025-10-06T16:57:07.0",
                "distance": 1000.0,
                "duration": 671.727,
                "averageSpeed": 1.4889999628067014,
                "averageHR": null
            },
            {
                "lapNumber": 4,
                "startTime": "2025-10-06T17:08:19.0",
                "distance": 492.58,
                "duration": 354.788,
                "averageSpeed": 1.3880000114440918,
                "averageHR": null
            }
        ]
    },
    {
        "activityId": "20570067599",
        "activityName": "Treadmill Running",
        "activityType": "treadmill_running",
        "startTimeLocal": "2025-10-02 19:46:22",
        "distance": 2028.6500244140625,
        "duration": 671.7659912109375,
        "averageHR": 150.0,
        "maxHR": 163.0,
        "averageSpeed": 3.0199999809265137,
        "laps": [
            {
                "lapNumber": 2,
                "startTime": "2025-10-02T17:46:22.0",
                "distance": 1000.0,
                "duration": 359.033,
                "averageSpeed": 2.785000085830688,
                "averageHR": null
            },
            {
                "lapNumber": 3,
                "startTime": "2025-10-02T17:52:22.0",
                "distance": 1000.0,
                "duration": 303.451,
                "averageSpeed": 3.2950000762939458,
                "averageHR": null
            },
            {
                "lapNumber": 4,
                "startTime": "2025-10-02T17:57:25.0",
                "distance": 28.65,
                "duration": 9.282,
                "averageSpeed": 3.0869998931884766,
                "averageHR": null
            }
        ]
    },
    {
        "activityId": "20553647223",
        "activityName": "Ljubljana Running",
        "activityType": "running",
        "startTimeLocal": "2025-10-01 07:14:17",
        "distance": 10021.73046875,
        "duration": 3790.9560546875,
        "averageHR": 147.0,
        "maxHR": 168.0,
        "averageSpeed": 2.6440000534057617,
        "laps": [
            {
                "lapNumber": 2,
                "startTime": "2025-10-01T05:14:17.0",
                "distance": 1000.0,
                "duration": 430.256,
                "averageSpeed": 2.3239998817443848,
                "averageHR": null
            },
            {
                "lapNumber": 3,
                "startTime": "2025-10-01T05:21:28.0",
                "distance": 1000.0,
                "duration": 470.649,
                "averageSpeed": 2.125,
                "averageHR": null
            },
            {
                "lapNumber": 4,
                "startTime": "2025-10-01T05:29:19.0",
                "distance": 1000.0,
                "duration": 412.869,
                "averageSpeed": 2.421999931335449,
                "averageHR": null
            },
            {
                "lapNumber": 5,
                "startTime": "2025-10-01T05:36:12.0",
                "distance": 1000.0,
                "duration": 343.075,
                "averageSpeed": 2.9149999618530273,
                "averageHR": null
            },
            {
                "lapNumber": 6,
                "startTime": "2025-10-01T05:41:55.0",
                "distance": 1000.0,
                "duration": 388.597,
                "averageSpeed": 2.572999954223633,
                "averageHR": null
            },
            {
                "lapNumber": 7,
                "startTime": "2025-10-01T05:48:23.0",
                "distance": 1000.0,
                "duration": 392.132,
                "averageSpeed": 2.549999952316284,
                "averageHR": null
            },
            {
                "lapNumber": 8,
                "startTime": "2025-10-01T05:54:56.0",
                "distance": 1000.0,
                "duration": 371.603,
                "averageSpeed": 2.6909999847412105,
                "averageHR": null
            },
            {
                "lapNumber": 9,
                "startTime": "2025-10-01T06:01:07.0",
                "distance": 1000.0,
                "duration": 339.851,
                "averageSpeed": 2.9419999122619624,
                "averageHR": null
            },
            {
                "lapNumber": 10,
                "startTime": "2025-10-01T06:06:47.0",
                "distance": 1000.0,
                "duration": 314.371,
                "averageSpeed": 3.180999994277954,
                "averageHR": null
            },
            {
                "lapNumber": 11,
                "startTime": "2025-10-01T06:12:01.0",
                "distance": 1000.0,
                "duration": 318.902,
                "averageSpeed": 3.1359999179840092,
                "averageHR": null
            },
            {
                "lapNumber": 12,
                "startTime": "2025-10-01T06:17:20.0",
                "distance": 21.73,
                "duration": 8.651,
                "averageSpeed": 2.5120000839233394,
                "averageHR": null
            }
        ]
    },
    {
        "activityId": "20517039823",
        "activityName": "Mali Losinj Running",
        "activityType": "running",
        "startTimeLocal": "2025-09-27 16:26:14",
        "distance": 3477.830078125,
        "duration": 1782.218994140625,
        "averageHR": 116.0,
        "maxHR": 142.0,
        "averageSpeed": 1.9509999752044678,
        "laps": [
            {
                "lapNumber": 2,
                "startTime": "2025-09-27T14:26:14.0",
                "distance": 1000.0,
                "duration": 534.812,
                "averageSpeed": 1.8700000047683718,
                "averageHR": null
            },
            {
                "lapNumber": 3,
                "startTime": "2025-09-27T14:35:09.0",
                "distance": 1000.0,
                "duration": 528.815,
                "averageSpeed": 1.8910000324249268,
                "averageHR": null
            },
            {
                "lapNumber": 4,
                "startTime": "2025-09-27T14:43:58.0",
                "distance": 1000.0,
                "duration": 480.598,
                "averageSpeed": 2.0810000896453857,
                "averageHR": null
            },
            {
                "lapNumber": 5,
                "startTime": "2025-09-27T14:51:59.0",
                "distance": 477.83,
                "duration": 237.994,
                "averageSpeed": 2.007999897003174,
                "averageHR": null
            }
        ]
    },
    {
        "activityId": "20493723927",
        "activityName": "Mali Losinj Running",
        "activityType": "running",
        "startTimeLocal": "2025-09-25 08:45:17",
        "distance": 6473.89013671875,
        "duration": 3311.05908203125,
        "averageHR": 110.0,
        "maxHR": 130.0,
        "averageSpeed": 1.9550000429153442,
        "laps": [
            {
                "lapNumber": 2,
                "startTime": "2025-09-25T06:45:17.0",
                "distance": 1000.0,
                "duration": 528.638,
                "averageSpeed": 1.8919999599456787,
                "averageHR": null
            },
            {
                "lapNumber": 3,
                "startTime": "2025-09-25T06:54:06.0",
                "distance": 1000.0,
                "duration": 501.579,
                "averageSpeed": 1.99399995803833,
                "averageHR": null
            },
            {
                "lapNumber": 4,
                "startTime": "2025-09-25T07:02:28.0",
                "distance": 1000.0,
                "duration": 520.34,
                "averageSpeed": 1.9220000505447388,
                "averageHR": null
            },
            {
                "lapNumber": 5,
                "startTime": "2025-09-25T07:11:08.0",
                "distance": 1000.0,
                "duration": 542.795,
                "averageSpeed": 1.8420000076293945,
                "averageHR": null
            },
            {
                "lapNumber": 6,
                "startTime": "2025-09-25T07:20:11.0",
                "distance": 1000.0,
                "duration": 469.788,
                "averageSpeed": 2.128999948501587,
                "averageHR": null
            },
            {
                "lapNumber": 7,
                "startTime": "2025-09-25T07:28:01.0",
                "distance": 1000.0,
                "duration": 491.5,
                "averageSpeed": 2.0350000858306885,
                "averageHR": null
            },
            {
                "lapNumber": 8,
                "startTime": "2025-09-25T07:36:12.0",
                "distance": 473.89,
                "duration": 256.419,
                "averageSpeed": 1.8480000495910645,
                "averageHR": null
            }
        ]
    },
    {
        "activityId": "20445506618",
        "activityName": "Ljubljana Running",
        "activityType": "running",
        "startTimeLocal": "2025-09-20 14:13:36",
        "distance": 8195.6201171875,
        "duration": 4651.2900390625,
        "averageHR": 111.0,
        "maxHR": 128.0,
        "averageSpeed": 1.7619999647140505,
        "laps": [
            {
                "lapNumber": 2,
                "startTime": "2025-09-20T12:13:36.0",
                "distance": 1000.0,
                "duration": 637.801,
                "averageSpeed": 1.5679999589920046,
                "averageHR": null
            },
            {
                "lapNumber": 3,
                "startTime": "2025-09-20T12:24:15.0",
                "distance": 1000.0,
                "duration": 663.474,
                "averageSpeed": 1.506999969482422,
                "averageHR": null
            },
            {
                "lapNumber": 4,
                "startTime": "2025-09-20T12:35:18.0",
                "distance": 1000.0,
                "duration": 495.384,
                "averageSpeed": 2.0190000534057617,
                "averageHR": null
            },
            {
                "lapNumber": 5,
                "startTime": "2025-09-20T12:43:34.0",
                "distance": 1000.0,
                "duration": 519.182,
                "averageSpeed": 1.9259999990463257,
                "averageHR": null
            },
            {
                "lapNumber": 6,
                "startTime": "2025-09-20T12:52:13.0",
                "distance": 1000.0,
                "duration": 556.679,
                "averageSpeed": 1.7960000038146973,
                "averageHR": null
            },
            {
                "lapNumber": 7,
                "startTime": "2025-09-20T13:01:29.0",
                "distance": 1000.0,
                "duration": 549.076,
                "averageSpeed": 1.8209999799728394,
                "averageHR": null
            },
            {
                "lapNumber": 8,
                "startTime": "2025-09-20T13:10:38.0",
                "distance": 1000.0,
                "duration": 483.829,
                "averageSpeed": 2.066999912261963,
                "averageHR": null
            },
            {
                "lapNumber": 9,
                "startTime": "2025-09-20T13:18:42.0",
                "distance": 1000.0,
                "duration": 597.047,
                "averageSpeed": 1.6749999523162842,
                "averageHR": null
            },
            {
                "lapNumber": 10,
                "startTime": "2025-09-20T13:28:39.0",
                "distance": 195.62,
                "duration": 148.818,
                "averageSpeed": 1.3140000104904175,
                "averageHR": null
            }
        ]
    },
    {
        "activityId": "20428183026",
        "activityName": "Ljubljana Running",
        "activityType": "running",
        "startTimeLocal": "2025-09-18 19:52:31",
        "distance": 4536.91015625,
        "duration": 2716.373046875,
        "averageHR": 113.0,
        "maxHR": 129.0,
        "averageSpeed": 1.6699999570846558,
        "laps": [
            {
                "lapNumber": 2,
                "startTime": "2025-09-18T17:52:31.0",
                "distance": 1000.0,
                "duration": 503.161,
                "averageSpeed": 1.9869999885559082,
                "averageHR": null
            },
            {
                "lapNumber": 3,
                "startTime": "2025-09-18T18:00:55.0",
                "distance": 1000.0,
                "duration": 521.648,
                "averageSpeed": 1.9170000553131106,
                "averageHR": null
            },
            {
                "lapNumber": 4,
                "startTime": "2025-09-18T18:09:37.0",
                "distance": 1000.0,
                "duration": 495.527,
                "averageSpeed": 2.0179998874664307,
                "averageHR": null
            },
            {
                "lapNumber": 5,
                "startTime": "2025-09-18T18:17:52.0",
                "distance": 1000.0,
                "duration": 535.1,
                "averageSpeed": 1.86899995803833,
                "averageHR": null
            },
            {
                "lapNumber": 6,
                "startTime": "2025-09-18T18:26:47.0",
                "distance": 536.91,
                "duration": 660.937,
                "averageSpeed": 0.8119999766349792,
                "averageHR": null
            }
        ]
    },
    {
        "activityId": "20405588946",
        "activityName": "Treadmill Running",
        "activityType": "treadmill_running",
        "startTimeLocal": "2025-09-16 18:29:45",
        "distance": 5034.27001953125,
        "duration": 1574.113037109375,
        "averageHR": 154.0,
        "maxHR": 167.0,
        "averageSpeed": 3.197999954223633,
        "laps": [
            {
                "lapNumber": 2,
                "startTime": "2025-09-16T16:29:45.0",
                "distance": 1000.0,
                "duration": 310.041,
                "averageSpeed": 3.2249999046325684,
                "averageHR": null
            },
            {
                "lapNumber": 3,
                "startTime": "2025-09-16T16:34:56.0",
                "distance": 1000.0,
                "duration": 303.84,
                "averageSpeed": 3.2909998893737793,
                "averageHR": null
            },
            {
                "lapNumber": 4,
                "startTime": "2025-09-16T16:40:00.0",
                "distance": 1000.0,
                "duration": 317.451,
                "averageSpeed": 3.1500000953674316,
                "averageHR": null
            },
            {
                "lapNumber": 5,
                "startTime": "2025-09-16T16:45:17.0",
                "distance": 1000.0,
                "duration": 312.41,
                "averageSpeed": 3.200999975204468,
                "averageHR": null
            },
            {
                "lapNumber": 6,
                "startTime": "2025-09-16T16:50:30.0",
                "distance": 1000.0,
                "duration": 296.848,
                "averageSpeed": 3.36899995803833,
                "averageHR": null
            },
            {
                "lapNumber": 7,
                "startTime": "2025-09-16T16:55:27.0",
                "distance": 34.27,
                "duration": 33.523,
                "averageSpeed": 1.0219999551773071,
                "averageHR": null
            }
        ]
    },
    {
        "activityId": "20394916474",
        "activityName": "Kranjska Gora Running",
        "activityType": "running",
        "startTimeLocal": "2025-09-15 18:32:14",
        "distance": 2222.989990234375,
        "duration": 1189.448974609375,
        "averageHR": 104.0,
        "maxHR": 135.0,
        "averageSpeed": 1.86899995803833,
        "laps": [
            {
                "lapNumber": 2,
                "startTime": "2025-09-15T16:32:14.0",
                "distance": 1000.0,
                "duration": 561.606,
                "averageSpeed": 1.781000018119812,
                "averageHR": null
            },
            {
                "lapNumber": 3,
                "startTime": "2025-09-15T16:41:37.0",
                "distance": 1000.0,
                "duration": 516.403,
                "averageSpeed": 1.9359999895095825,
                "averageHR": null
            },
            {
                "lapNumber": 4,
                "startTime": "2025-09-15T16:50:13.0",
                "distance": 222.99,
                "duration": 111.44,
                "averageSpeed": 2.000999927520752,
                "averageHR": null
            }
        ]
    },
    {
        "activityId": "20369326203",
        "activityName": "Ljubljana Running",
        "activityType": "running",
        "startTimeLocal": "2025-09-13 09:11:23",
        "distance": 5215.509765625,
        "duration": 2100.638916015625,
        "averageHR": 143.0,
        "maxHR": 166.0,
        "averageSpeed": 2.4830000400543213,
        "laps": [
            {
                "lapNumber": 2,
                "startTime": "2025-09-13T07:11:23.0",
                "distance": 1000.0,
                "duration": 445.026,
                "averageSpeed": 2.246999979019165,
                "averageHR": null
            },
            {
                "lapNumber": 3,
                "startTime": "2025-09-13T07:18:50.0",
                "distance": 1000.0,
                "duration": 442.501,
                "averageSpeed": 2.259999990463257,
                "averageHR": null
            },
            {
                "lapNumber": 4,
                "startTime": "2025-09-13T07:26:12.0",
                "distance": 1000.0,
                "duration": 430.527,
                "averageSpeed": 2.322999954223633,
                "averageHR": null
            },
            {
                "lapNumber": 5,
                "startTime": "2025-09-13T07:33:23.0",
                "distance": 1000.0,
                "duration": 324.609,
                "averageSpeed": 3.0810000896453857,
                "averageHR": null
            },
            {
                "lapNumber": 6,
                "startTime": "2025-09-13T07:38:48.0",
                "distance": 1000.0,
                "duration": 388.985,
                "averageSpeed": 2.571000099182129,
                "averageHR": null
            },
            {
                "lapNumber": 7,
                "startTime": "2025-09-13T07:45:17.0",
                "distance": 215.51,
                "duration": 68.991,
                "averageSpeed": 3.124000072479248,
                "averageHR": null
            }
        ]
    },
    {
        "activityId": "20317051291",
        "activityName": "Ljubljana Running",
        "activityType": "running",
        "startTimeLocal": "2025-09-08 08:11:22",
        "distance": 9011.8203125,
        "duration": 3531.634033203125,
        "averageHR": 146.0,
        "maxHR": 169.0,
        "averageSpeed": 2.552000045776367,
        "laps": [
            {
                "lapNumber": 2,
                "startTime": "2025-09-08T06:11:22.0",
                "distance": 1000.0,
                "duration": 430.216,
                "averageSpeed": 2.3239998817443848,
                "averageHR": null
            },
            {
                "lapNumber": 3,
                "startTime": "2025-09-08T06:18:44.0",
                "distance": 1000.0,
                "duration": 463.385,
                "averageSpeed": 2.1579999923706055,
                "averageHR": null
            },
            {
                "lapNumber": 4,
                "startTime": "2025-09-08T06:26:28.0",
                "distance": 1000.0,
                "duration": 422.503,
                "averageSpeed": 2.367000102996826,
                "averageHR": null
            },
            {
                "lapNumber": 5,
                "startTime": "2025-09-08T06:33:30.0",
                "distance": 1000.0,
                "duration": 348.731,
                "averageSpeed": 2.868000030517578,
                "averageHR": null
            },
            {
                "lapNumber": 6,
                "startTime": "2025-09-08T06:39:19.0",
                "distance": 1000.0,
                "duration": 340.376,
                "averageSpeed": 2.937999963760376,
                "averageHR": null
            },
            {
                "lapNumber": 7,
                "startTime": "2025-09-08T06:44:59.0",
                "distance": 1000.0,
                "duration": 343.973,
                "averageSpeed": 2.907000064849853,
                "averageHR": null
            },
            {
                "lapNumber": 8,
                "startTime": "2025-09-08T06:50:43.0",
                "distance": 1000.0,
                "duration": 344.16,
                "averageSpeed": 2.905999898910522,
                "averageHR": null
            },
            {
                "lapNumber": 9,
                "startTime": "2025-09-08T06:56:27.0",
                "distance": 1000.0,
                "duration": 520.954,
                "averageSpeed": 1.919999957084656,
                "averageHR": null
            },
            {
                "lapNumber": 10,
                "startTime": "2025-09-08T07:05:08.0",
                "distance": 1000.0,
                "duration": 313.719,
                "averageSpeed": 3.187999963760376,
                "averageHR": null
            },
            {
                "lapNumber": 11,
                "startTime": "2025-09-08T07:10:22.0",
                "distance": 11.82,
                "duration": 3.617,
                "averageSpeed": 3.2679998874664307,
                "averageHR": null
            }
        ]
    },
    {
        "activityId": "20316573077",
        "activityName": "Ljubljana Running",
        "activityType": "running",
        "startTimeLocal": "2025-09-08 07:48:34",
        "distance": 1061.0400390625,
        "duration": 359.239990234375,
        "averageHR": 135.0,
        "maxHR": 149.0,
        "averageSpeed": 2.9539999961853027,
        "laps": [
            {
                "lapNumber": 2,
                "startTime": "2025-09-08T05:48:34.0",
                "distance": 1000.0,
                "duration": 339.724,
                "averageSpeed": 2.944000005722046,
                "averageHR": null
            },
            {
                "lapNumber": 3,
                "startTime": "2025-09-08T05:54:14.0",
                "distance": 61.04,
                "duration": 19.516,
                "averageSpeed": 3.128000020980835,
                "averageHR": null
            }
        ]
    },
    {
        "activityId": "20224440645",
        "activityName": "Ljubljana Running",
        "activityType": "running",
        "startTimeLocal": "2025-08-30 13:01:41",
        "distance": 7492.8798828125,
        "duration": 3188.56396484375,
        "averageHR": 143.0,
        "maxHR": 167.0,
        "averageSpeed": 2.3499999046325684,
        "laps": [
            {
                "lapNumber": 2,
                "startTime": "2025-08-30T11:01:41.0",
                "distance": 1000.0,
                "duration": 432.714,
                "averageSpeed": 2.311000108718872,
                "averageHR": null
            },
            {
                "lapNumber": 3,
                "startTime": "2025-08-30T11:08:54.0",
                "distance": 1000.0,
                "duration": 484.537,
                "averageSpeed": 2.063999891281128,
                "averageHR": null
            },
            {
                "lapNumber": 4,
                "startTime": "2025-08-30T11:16:59.0",
                "distance": 1000.0,
                "duration": 436.469,
                "averageSpeed": 2.2909998893737793,
                "averageHR": null
            },
            {
                "lapNumber": 5,
                "startTime": "2025-08-30T11:24:15.0",
                "distance": 1000.0,
                "duration": 421.004,
                "averageSpeed": 2.375,
                "averageHR": null
            },
            {
                "lapNumber": 6,
                "startTime": "2025-08-30T11:31:16.0",
                "distance": 1000.0,
                "duration": 463.125,
                "averageSpeed": 2.1589999198913574,
                "averageHR": null
            },
            {
                "lapNumber": 7,
                "startTime": "2025-08-30T11:44:43.0",
                "distance": 1000.0,
                "duration": 363.074,
                "averageSpeed": 2.753999948501587,
                "averageHR": null
            },
            {
                "lapNumber": 8,
                "startTime": "2025-08-30T11:50:46.0",
                "distance": 1000.0,
                "duration": 406.624,
                "averageSpeed": 2.4590001106262207,
                "averageHR": null
            },
            {
                "lapNumber": 9,
                "startTime": "2025-08-30T11:57:33.0",
                "distance": 492.88,
                "duration": 181.017,
                "averageSpeed": 2.7230000495910645,
                "averageHR": null
            }
        ]
    },
    {
        "activityId": "20138126911",
        "activityName": "Piran Running",
        "activityType": "running",
        "startTimeLocal": "2025-08-22 07:56:15",
        "distance": 11297.23046875,
        "duration": 4156.44384765625,
        "averageHR": 153.0,
        "maxHR": 162.0,
        "averageSpeed": 2.7179999351501465,
        "laps": [
            {
                "lapNumber": 2,
                "startTime": "2025-08-22T05:56:15.0",
                "distance": 1000.0,
                "duration": 340.059,
                "averageSpeed": 2.940999984741211,
                "averageHR": null
            },
            {
                "lapNumber": 3,
                "startTime": "2025-08-22T06:01:56.0",
                "distance": 1000.0,
                "duration": 334.721,
                "averageSpeed": 2.98799991607666,
                "averageHR": null
            },
            {
                "lapNumber": 4,
                "startTime": "2025-08-22T06:07:30.0",
                "distance": 1000.0,
                "duration": 357.869,
                "averageSpeed": 2.7939999103546143,
                "averageHR": null
            },
            {
                "lapNumber": 5,
                "startTime": "2025-08-22T06:13:28.0",
                "distance": 1000.0,
                "duration": 361.751,
                "averageSpeed": 2.7639999389648438,
                "averageHR": null
            },
            {
                "lapNumber": 6,
                "startTime": "2025-08-22T06:19:30.0",
                "distance": 1000.0,
                "duration": 355.85,
                "averageSpeed": 2.809999942779541,
                "averageHR": null
            },
            {
                "lapNumber": 7,
                "startTime": "2025-08-22T06:25:26.0",
                "distance": 1000.0,
                "duration": 418.595,
                "averageSpeed": 2.3889999389648438,
                "averageHR": null
            },
            {
                "lapNumber": 8,
                "startTime": "2025-08-22T06:32:24.0",
                "distance": 1000.0,
                "duration": 384.379,
                "averageSpeed": 2.6019999980926514,
                "averageHR": null
            },
            {
                "lapNumber": 9,
                "startTime": "2025-08-22T06:38:49.0",
                "distance": 1000.0,
                "duration": 376.371,
                "averageSpeed": 2.6570000648498535,
                "averageHR": null
            },
            {
                "lapNumber": 10,
                "startTime": "2025-08-22T06:45:05.0",
                "distance": 1000.0,
                "duration": 367.156,
                "averageSpeed": 2.7239999771118164,
                "averageHR": null
            },
            {
                "lapNumber": 11,
                "startTime": "2025-08-22T06:51:12.0",
                "distance": 1000.0,
                "duration": 370.501,
                "averageSpeed": 2.6989998817443848,
                "averageHR": null
            },
            {
                "lapNumber": 12,
                "startTime": "2025-08-22T06:57:23.0",
                "distance": 1000.0,
                "duration": 379.546,
                "averageSpeed": 2.634999990463257,
                "averageHR": null
            },
            {
                "lapNumber": 13,
                "startTime": "2025-08-22T07:03:42.0",
                "distance": 297.23,
                "duration": 109.646,
                "averageSpeed": 2.7109999656677246,
                "averageHR": null
            }
        ]
    },
    {
        "activityId": "20052380640",
        "activityName": "Ljubljana Running",
        "activityType": "running",
        "startTimeLocal": "2025-08-14 06:35:58",
        "distance": 10252.849609375,
        "duration": 3847.52001953125,
        "averageHR": 149.0,
        "maxHR": 164.0,
        "averageSpeed": 2.6649999618530273,
        "laps": [
            {
                "lapNumber": 2,
                "startTime": "2025-08-14T04:35:58.0",
                "distance": 1000.0,
                "duration": 481.761,
                "averageSpeed": 2.0759999752044678,
                "averageHR": null
            },
            {
                "lapNumber": 3,
                "startTime": "2025-08-14T04:44:01.0",
                "distance": 1000.0,
                "duration": 474.816,
                "averageSpeed": 2.1059999465942383,
                "averageHR": null
            },
            {
                "lapNumber": 4,
                "startTime": "2025-08-14T04:51:56.0",
                "distance": 1000.0,
                "duration": 392.93,
                "averageSpeed": 2.5450000762939453,
                "averageHR": null
            },
            {
                "lapNumber": 5,
                "startTime": "2025-08-14T04:58:29.0",
                "distance": 1000.0,
                "duration": 336.095,
                "averageSpeed": 2.9749999046325684,
                "averageHR": null
            },
            {
                "lapNumber": 6,
                "startTime": "2025-08-14T05:04:05.0",
                "distance": 1000.0,
                "duration": 375.403,
                "averageSpeed": 2.6640000343322754,
                "averageHR": null
            },
            {
                "lapNumber": 7,
                "startTime": "2025-08-14T05:10:20.0",
                "distance": 1000.0,
                "duration": 353.033,
                "averageSpeed": 2.8329999446868896,
                "averageHR": null
            },
            {
                "lapNumber": 8,
                "startTime": "2025-08-14T05:16:13.0",
                "distance": 1000.0,
                "duration": 325.039,
                "averageSpeed": 3.0769999027252197,
                "averageHR": null
            },
            {
                "lapNumber": 9,
                "startTime": "2025-08-14T05:21:38.0",
                "distance": 1000.0,
                "duration": 357.853,
                "averageSpeed": 2.7939999103546143,
                "averageHR": null
            },
            {
                "lapNumber": 10,
                "startTime": "2025-08-14T05:27:36.0",
                "distance": 1000.0,
                "duration": 297.441,
                "averageSpeed": 3.361999988555908,
                "averageHR": null
            },
            {
                "lapNumber": 11,
                "startTime": "2025-08-14T05:32:34.0",
                "distance": 1000.0,
                "duration": 367.517,
                "averageSpeed": 2.7209999561309814,
                "averageHR": null
            },
            {
                "lapNumber": 12,
                "startTime": "2025-08-14T05:38:41.0",
                "distance": 252.85,
                "duration": 85.632,
                "averageSpeed": 2.953000068664551,
                "averageHR": null
            }
        ]
    },
    {
        "activityId": "20046671118",
        "activityName": "Ljubljana Running",
        "activityType": "running",
        "startTimeLocal": "2025-08-13 08:17:00",
        "distance": 4172.080078125,
        "duration": 2228.18603515625,
        "averageHR": 150.0,
        "maxHR": 177.0,
        "averageSpeed": 1.871999979019165,
        "laps": [
            {
                "lapNumber": 2,
                "startTime": "2025-08-13T06:17:00.0",
                "distance": 1000.0,
                "duration": 515.762,
                "averageSpeed": 1.9390000104904175,
                "averageHR": null
            },
            {
                "lapNumber": 3,
                "startTime": "2025-08-13T06:25:37.0",
                "distance": 1000.0,
                "duration": 555.494,
                "averageSpeed": 1.7999999523162842,
                "averageHR": null
            },
            {
                "lapNumber": 4,
                "startTime": "2025-08-13T06:34:52.0",
                "distance": 1000.0,
                "duration": 516.381,
                "averageSpeed": 1.937000036239624,
                "averageHR": null
            },
            {
                "lapNumber": 5,
                "startTime": "2025-08-13T06:43:29.0",
                "distance": 1000.0,
                "duration": 549.119,
                "averageSpeed": 1.8209999799728394,
                "averageHR": null
            },
            {
                "lapNumber": 6,
                "startTime": "2025-08-13T06:52:38.0",
                "distance": 172.08,
                "duration": 91.43,
                "averageSpeed": 1.8819999694824219,
                "averageHR": null
            }
        ]
    }
]