{
    "source_hash": "3772cae500d3efb136257cee2042ef792fe32fe11de8c9e1b0e1b8a6af364701",
    "functionalities": [
        "- Implement the functionality where the user calls :CLI: and the application starts.\n  - First, trigger the fetch workflow in :GarminChatApp:, providing visual feedback that data is being saved to \"garmin_data.json\".\n  - Then, trigger the chat workflow in :GarminChatApp:, maintaining a persistent loop until the user types \"exit\" or \"quit\" and printing the LLM responses clearly to the console."
    ],
    "required_modules_code_hash": "17c1107b40188cf81a214bc6724d47a91c1cdece238d3ef9e7802931c9117458",
    "required_modules_functionalities": {
        "garmin_client": [
            "- Initialize the :GarminClient: and retrieve activities for any type of running\n  - Use GARMIN_EMAIL and GARMIN_PASSWORD for authentication\n  - Support session persistence to avoid re-authentication on every call\n  - The retrieved activities should have the string \"running\" in the activityType.\n  - Retrieve the activities available for the user in the last 180 days.\n  - For every retrieved :ActivitySummary:, obtain the associated :LapData: for each lap.",
            "- Implement funtions to Save and Load activities to and from file.\n  - Save: Convert a list of :ActivitySummary: and their :LapData: into a JSON-serializable format\n  - Save: Write the serialized data to :DataFile:\n  - Save: Overwrite existing data in the file if it exists\n  - Load: Read the content of :DataFile:\n  - Load: Parse the JSON content into a format usable by the LLM\n  - Load: Return an error if the file does not exist or is corrupted"
        ],
        "llm_service": [
            "- Initialize the :LLMClient: and create :ChatSession: with context\n  - Take the content from :DataFile: as input\n  - Generate a system prompt that explains the user's running data is provided in JSON format\n  - Instruct the model to answer questions specifically about the runs, laps, heart rate, and speed found in the data",
            "- Process user messages\n  - Send the user's natural language query to the :ChatSession:\n  - Return the text response from the model with a streaming response."
        ],
        "garmin_chat_app": [
            "- Execute the data fetch workflow\n  - Use :GarminClient: to retrieve running activity and lap data.\n  - Pass the retrieved data to :GarminClient: for saving to disk\n  - Display progress updates to the user during fetching",
            "- Execute the chat workflow\n  - Use :GarminClient: to load stored activity data\n  - Initialize :LLMClient: with the loaded data as context\n  - Start an interactive loop for user input"
        ]
    }
}